"FileName","FullPath","IncludedInCsproj","DuplicateName","BackupPattern","SuspiciousFolder"
"Program.cs","E:\BDC\Projects\SASZombieAssaultTD\Program.cs","False","False","False","False"
"WaveSystem_P11_05_Snapshot.cs","E:\BDC\Projects\SASZombieAssaultTD\Archive\WaveSystem_P11_05_Snapshot.cs","False","False","False","False"
"InputModule.cs","E:\BDC\Projects\SASZombieAssaultTD\BDC\Projects\SASZombieAssaultTD\Engine\Core\Input\InputModule.cs","False","True","False","False"
"ECSTestSuite.cs","E:\BDC\Projects\SASZombieAssaultTD\BDC\Projects\SASZombieAssaultTD\Engine\ECS\ECSTestSuite.cs","False","True","False","False"
"AnimationECSIntegration.cs","E:\BDC\Projects\SASZombieAssaultTD\BDC\Projects\SASZombieAssaultTD\Engine\ECS\Systems\AnimationECSIntegration.cs","False","True","False","False"
"NavigationVerificationSuite.cs","E:\BDC\Projects\SASZombieAssaultTD\BDC\Projects\SASZombieAssaultTD\Engine\Navigation\NavigationVerificationSuite.cs","False","True","False","False"
"StateBuilder.cs","E:\BDC\Projects\SASZombieAssaultTD\BDC\Projects\SASZombieAssaultTD\Engine\State\StateBuilder.cs","False","True","False","False"
"UIManager.cs","E:\BDC\Projects\SASZombieAssaultTD\BDC\Projects\SASZombieAssaultTD\Engine\UI\UIManager.cs","False","True","False","False"
"AnimationStateMachineValidationReport.cs","E:\BDC\Projects\SASZombieAssaultTD\BDC\Projects\SASZombieAssaultTD\Tools\AnimationStateMachineValidationReport.cs","False","True","False","False"
"AnimationVerificationSuite.cs","E:\BDC\Projects\SASZombieAssaultTD\BDC\Projects\SASZombieAssaultTD\Tools\AnimationVerificationSuite.cs","False","True","False","False"
"GameRoot.cs","E:\BDC\Projects\SASZombieAssaultTD\Engine\GameRoot.cs","False","False","False","False"
"AnimationClip.cs","E:\BDC\Projects\SASZombieAssaultTD\Engine\Animation\AnimationClip.cs","False","True","False","False"
"AnimationController.cs","E:\BDC\Projects\SASZombieAssaultTD\Engine\Animation\AnimationController.cs","False","False","False","False"
"AnimationDebugTools.cs","E:\BDC\Projects\SASZombieAssaultTD\Engine\Animation\AnimationDebugTools.cs","False","False","False","False"
"AnimationDiagnostics.cs","E:\BDC\Projects\SASZombieAssaultTD\Engine\Animation\AnimationDiagnostics.cs","False","True","False","False"
"AnimationECSIntegration.cs","E:\BDC\Projects\SASZombieAssaultTD\Engine\Animation\AnimationECSIntegration.cs","False","True","False","False"
"AnimationParameters.cs","E:\BDC\Projects\SASZombieAssaultTD\Engine\Animation\AnimationParameters.cs","False","False","False","False"
"AnimationStateMachine.cs","E:\BDC\Projects\SASZombieAssaultTD\Engine\Animation\AnimationStateMachine.cs","False","False","False","False"
"AnimationTrack.cs","E:\BDC\Projects\SASZombieAssaultTD\Engine\Animation\AnimationTrack.cs","False","False","False","False"
"BlendParameters.cs","E:\BDC\Projects\SASZombieAssaultTD\Engine\Animation\BlendTrees\BlendParameters.cs","False","False","False","False"
"BlendTree.cs","E:\BDC\Projects\SASZombieAssaultTD\Engine\Animation\BlendTrees\BlendTree.cs","False","False","False","False"
"BlendTreeSerializer.cs","E:\BDC\Projects\SASZombieAssaultTD\Engine\Animation\BlendTrees\BlendTreeSerializer.cs","False","False","False","False"
"BlendTreeValidator.cs","E:\BDC\Projects\SASZombieAssaultTD\Engine\Animation\BlendTrees\BlendTreeValidator.cs","False","False","False","False"
"IBlendNode.cs","E:\BDC\Projects\SASZombieAssaultTD\Engine\Animation\BlendTrees\IBlendNode.cs","False","False","False","False"
"LinearBlendNode.cs","E:\BDC\Projects\SASZombieAssaultTD\Engine\Animation\BlendTrees\Nodes\LinearBlendNode.cs","False","False","False","False"
"SingleClipNode.cs","E:\BDC\Projects\SASZombieAssaultTD\Engine\Animation\BlendTrees\Nodes\SingleClipNode.cs","False","False","False","False"
"AnimationDiagnostics.cs","E:\BDC\Projects\SASZombieAssaultTD\Engine\Animation\Diagnostics\AnimationDiagnostics.cs","False","True","False","False"
"AnimationEvent.cs","E:\BDC\Projects\SASZombieAssaultTD\Engine\Animation\Events\AnimationEvent.cs","False","False","False","False"
"AnimationEventContext.cs","E:\BDC\Projects\SASZombieAssaultTD\Engine\Animation\Events\AnimationEventContext.cs","False","False","False","False"
"AnimationEventDispatcher.cs","E:\BDC\Projects\SASZombieAssaultTD\Engine\Animation\Events\AnimationEventDispatcher.cs","False","False","False","False"
"AnimationEventECSIntegration.cs","E:\BDC\Projects\SASZombieAssaultTD\Engine\Animation\Events\AnimationEventECSIntegration.cs","False","False","False","False"
"AnimationEventSerializer.cs","E:\BDC\Projects\SASZombieAssaultTD\Engine\Animation\Events\AnimationEventSerializer.cs","False","False","False","False"
"AnimationEventTrack.cs","E:\BDC\Projects\SASZombieAssaultTD\Engine\Animation\Events\AnimationEventTrack.cs","False","False","False","False"
"AnimationEventValidator.cs","E:\BDC\Projects\SASZombieAssaultTD\Engine\Animation\Events\AnimationEventValidator.cs","False","False","False","False"
"IAnimationEventReceiver.cs","E:\BDC\Projects\SASZombieAssaultTD\Engine\Animation\Events\IAnimationEventReceiver.cs","False","False","False","False"
"AttackState.cs","E:\BDC\Projects\SASZombieAssaultTD\Engine\Animation\States\AttackState.cs","False","False","False","False"
"FallbackState.cs","E:\BDC\Projects\SASZombieAssaultTD\Engine\Animation\States\FallbackState.cs","False","False","False","False"
"IAnimationState.cs","E:\BDC\Projects\SASZombieAssaultTD\Engine\Animation\States\IAnimationState.cs","False","False","False","False"
"IdleState.cs","E:\BDC\Projects\SASZombieAssaultTD\Engine\Animation\States\IdleState.cs","False","False","False","False"
"JumpState.cs","E:\BDC\Projects\SASZombieAssaultTD\Engine\Animation\States\JumpState.cs","False","False","False","False"
"MoveState.cs","E:\BDC\Projects\SASZombieAssaultTD\Engine\Animation\States\MoveState.cs","False","False","False","False"
"PlaceholderState.cs","E:\BDC\Projects\SASZombieAssaultTD\Engine\Animation\States\PlaceholderState.cs","False","False","True","False"
"AudioEngine.cs","E:\BDC\Projects\SASZombieAssaultTD\Engine\Audio\AudioEngine.cs","False","False","False","False"
"MusicTrack.cs","E:\BDC\Projects\SASZombieAssaultTD\Engine\Audio\MusicTrack.cs","False","True","False","False"
"SoundEffect.cs","E:\BDC\Projects\SASZombieAssaultTD\Engine\Audio\SoundEffect.cs","False","True","False","False"
"GameplayStubs.cs","E:\BDC\Projects\SASZombieAssaultTD\Engine\Compatibility\GameplayStubs.cs","False","False","False","False"
"LegacyCompatibilityLayer.cs","E:\BDC\Projects\SASZombieAssaultTD\Engine\Compatibility\LegacyCompatibilityLayer.cs","False","False","False","False"
"QuickFixes.cs","E:\BDC\Projects\SASZombieAssaultTD\Engine\Compatibility\QuickFixes.cs","False","False","False","False"
"UnityBlocker.cs","E:\BDC\Projects\SASZombieAssaultTD\Engine\Compatibility\UnityStubs\UnityBlocker.cs","False","False","False","False"
"AnimationComponent.cs","E:\BDC\Projects\SASZombieAssaultTD\Engine\Components\AnimationComponent.cs","False","False","False","False"
"ColliderShapes.cs","E:\BDC\Projects\SASZombieAssaultTD\Engine\Components\ColliderShapes.cs","False","False","False","False"
"CollisionComponent.cs","E:\BDC\Projects\SASZombieAssaultTD\Engine\Components\CollisionComponent.cs","False","False","False","False"
"HealthComponent.cs","E:\BDC\Projects\SASZombieAssaultTD\Engine\Components\HealthComponent.cs","False","True","False","False"
"InventoryComponent.cs","E:\BDC\Projects\SASZombieAssaultTD\Engine\Components\InventoryComponent.cs","False","False","False","False"
"ParticleEmitterComponent.cs","E:\BDC\Projects\SASZombieAssaultTD\Engine\Components\ParticleEmitterComponent.cs","False","False","False","False"
"PhysicsComponent.cs","E:\BDC\Projects\SASZombieAssaultTD\Engine\Components\PhysicsComponent.cs","False","False","False","False"
"SpriteComponent.cs","E:\BDC\Projects\SASZombieAssaultTD\Engine\Components\SpriteComponent.cs","False","False","False","False"
"StatsComponent.cs","E:\BDC\Projects\SASZombieAssaultTD\Engine\Components\StatsComponent.cs","False","False","False","False"
"TransformComponent.cs","E:\BDC\Projects\SASZombieAssaultTD\Engine\Components\TransformComponent.cs","False","True","False","False"
"TriggerComponent.cs","E:\BDC\Projects\SASZombieAssaultTD\Engine\Components\TriggerComponent.cs","False","False","False","False"
"UIComponent.cs","E:\BDC\Projects\SASZombieAssaultTD\Engine\Components\UIComponent.cs","False","False","False","False"
"GameLoop.cs","E:\BDC\Projects\SASZombieAssaultTD\Engine\Core\GameLoop.cs","False","False","False","False"
"GameLoopTest.cs","E:\BDC\Projects\SASZombieAssaultTD\Engine\Core\GameLoopTest.cs","False","False","False","False"
"IProgram.cs","E:\BDC\Projects\SASZombieAssaultTD\Engine\Core\IProgram.cs","False","False","False","False"
"TimingController.cs","E:\BDC\Projects\SASZombieAssaultTD\Engine\Core\TimingController.cs","False","False","False","False"
"InputModule.cs","E:\BDC\Projects\SASZombieAssaultTD\Engine\Core\Input\InputModule.cs","False","True","False","False"
"InputModuleTest.cs","E:\BDC\Projects\SASZombieAssaultTD\Engine\Core\Input\InputModuleTest.cs","False","False","False","False"
"ILogger.cs","E:\BDC\Projects\SASZombieAssaultTD\Engine\Core\Logging\ILogger.cs","False","False","False","False"
"FrameDiagnostics.cs","E:\BDC\Projects\SASZombieAssaultTD\Engine\Core\Timing\FrameDiagnostics.cs","False","False","False","False"
"TimingModule.cs","E:\BDC\Projects\SASZombieAssaultTD\Engine\Core\Timing\TimingModule.cs","False","False","False","False"
"BaseComponent.cs","E:\BDC\Projects\SASZombieAssaultTD\Engine\ECS\BaseComponent.cs","False","False","False","False"
"ECSDebugInspector.cs","E:\BDC\Projects\SASZombieAssaultTD\Engine\ECS\ECSDebugInspector.cs","False","False","False","False"
"ECSTestSuite.cs","E:\BDC\Projects\SASZombieAssaultTD\Engine\ECS\ECSTestSuite.cs","False","True","False","False"
"ECSVerificationReport.cs","E:\BDC\Projects\SASZombieAssaultTD\Engine\ECS\ECSVerificationReport.cs","False","False","False","False"
"ECSVerificationSuite.cs","E:\BDC\Projects\SASZombieAssaultTD\Engine\ECS\ECSVerificationSuite.cs","False","False","False","False"
"ECSWorld.cs","E:\BDC\Projects\SASZombieAssaultTD\Engine\ECS\ECSWorld.cs","False","False","False","False"
"Entity.cs","E:\BDC\Projects\SASZombieAssaultTD\Engine\ECS\Entity.cs","False","True","False","False"
"EntityFactory.cs","E:\BDC\Projects\SASZombieAssaultTD\Engine\ECS\EntityFactory.cs","False","False","False","False"
"EntityManager.cs","E:\BDC\Projects\SASZombieAssaultTD\Engine\ECS\EntityManager.cs","False","True","False","False"
"IComponent.cs","E:\BDC\Projects\SASZombieAssaultTD\Engine\ECS\IComponent.cs","False","False","False","False"
"IEntityComponent.cs","E:\BDC\Projects\SASZombieAssaultTD\Engine\ECS\IEntityComponent.cs","False","False","False","False"
"IGameSystem.cs","E:\BDC\Projects\SASZombieAssaultTD\Engine\ECS\IGameSystem.cs","False","False","False","False"
"ActiveComponent.cs","E:\BDC\Projects\SASZombieAssaultTD\Engine\ECS\Components\ActiveComponent.cs","False","False","False","False"
"AnimationControllerComponent.cs","E:\BDC\Projects\SASZombieAssaultTD\Engine\ECS\Components\AnimationControllerComponent.cs","False","False","False","False"
"DamageComponent.cs","E:\BDC\Projects\SASZombieAssaultTD\Engine\ECS\Components\DamageComponent.cs","False","False","False","False"
"EnemyTypeComponent.cs","E:\BDC\Projects\SASZombieAssaultTD\Engine\ECS\Components\EnemyTypeComponent.cs","False","False","False","False"
"HealthComponent.cs","E:\BDC\Projects\SASZombieAssaultTD\Engine\ECS\Components\HealthComponent.cs","False","True","False","False"
"MovementComponent.cs","E:\BDC\Projects\SASZombieAssaultTD\Engine\ECS\Components\MovementComponent.cs","False","False","False","False"
"NavAgentComponent.cs","E:\BDC\Projects\SASZombieAssaultTD\Engine\ECS\Components\NavAgentComponent.cs","False","False","False","False"
"RenderableComponent.cs","E:\BDC\Projects\SASZombieAssaultTD\Engine\ECS\Components\RenderableComponent.cs","False","False","False","False"
"ScoreComponent.cs","E:\BDC\Projects\SASZombieAssaultTD\Engine\ECS\Components\ScoreComponent.cs","False","False","False","False"
"TransformComponent.cs","E:\BDC\Projects\SASZombieAssaultTD\Engine\ECS\Components\TransformComponent.cs","False","True","False","False"
"AISystem.cs","E:\BDC\Projects\SASZombieAssaultTD\Engine\ECS\Systems\AISystem.cs","False","False","False","False"
"AnimationECSIntegration.cs","E:\BDC\Projects\SASZombieAssaultTD\Engine\ECS\Systems\AnimationECSIntegration.cs","False","True","False","False"
"AnimationSystem.cs","E:\BDC\Projects\SASZombieAssaultTD\Engine\ECS\Systems\AnimationSystem.cs","False","True","False","False"
"CollisionSystem.cs","E:\BDC\Projects\SASZombieAssaultTD\Engine\ECS\Systems\CollisionSystem.cs","False","True","False","False"
"CombatSystem.cs","E:\BDC\Projects\SASZombieAssaultTD\Engine\ECS\Systems\CombatSystem.cs","False","False","False","False"
"ISystem.cs","E:\BDC\Projects\SASZombieAssaultTD\Engine\ECS\Systems\ISystem.cs","False","False","False","False"
"NavigationSystem.cs","E:\BDC\Projects\SASZombieAssaultTD\Engine\ECS\Systems\NavigationSystem.cs","False","False","False","False"
"RenderSystem.cs","E:\BDC\Projects\SASZombieAssaultTD\Engine\ECS\Systems\RenderSystem.cs","False","True","False","False"
"ScoringSystem.cs","E:\BDC\Projects\SASZombieAssaultTD\Engine\ECS\Systems\ScoringSystem.cs","False","False","False","False"
"ECSTestSuite.cs","E:\BDC\Projects\SASZombieAssaultTD\Engine\ECS\Testing\ECSTestSuite.cs","False","True","False","False"
"Enemy.cs","E:\BDC\Projects\SASZombieAssaultTD\Engine\Entities\Enemy.cs","False","False","False","False"
"EnemyData.cs","E:\BDC\Projects\SASZombieAssaultTD\Engine\Entities\EnemyData.cs","False","False","False","False"
"Entity.cs","E:\BDC\Projects\SASZombieAssaultTD\Engine\Entities\Entity.cs","False","True","False","False"
"Projectile.cs","E:\BDC\Projects\SASZombieAssaultTD\Engine\Entities\Projectile.cs","False","False","False","False"
"Soldier.cs","E:\BDC\Projects\SASZombieAssaultTD\Engine\Entities\Soldier.cs","False","False","True","False"
"Turret.cs","E:\BDC\Projects\SASZombieAssaultTD\Engine\Entities\Turret.cs","False","False","False","False"
"IInputSource.cs","E:\BDC\Projects\SASZombieAssaultTD\Engine\Input\IInputSource.cs","False","False","False","False"
"InputEvent.cs","E:\BDC\Projects\SASZombieAssaultTD\Engine\Input\InputEvent.cs","False","False","False","False"
"InputEventTypes.cs","E:\BDC\Projects\SASZombieAssaultTD\Engine\Input\InputEventTypes.cs","False","False","False","False"
"InputManager.cs","E:\BDC\Projects\SASZombieAssaultTD\Engine\Input\InputManager.cs","False","False","False","False"
"InputPlayback.cs","E:\BDC\Projects\SASZombieAssaultTD\Engine\Input\InputPlayback.cs","False","False","False","False"
"InputRecorder.cs","E:\BDC\Projects\SASZombieAssaultTD\Engine\Input\InputRecorder.cs","False","False","False","False"
"KeyboardInputSource.cs","E:\BDC\Projects\SASZombieAssaultTD\Engine\Input\KeyboardInputSource.cs","False","False","False","False"
"MouseInputSource.cs","E:\BDC\Projects\SASZombieAssaultTD\Engine\Input\MouseInputSource.cs","False","False","False","False"
"EnemyManager.cs","E:\BDC\Projects\SASZombieAssaultTD\Engine\Managers\EnemyManager.cs","False","False","False","False"
"EntityManager.cs","E:\BDC\Projects\SASZombieAssaultTD\Engine\Managers\EntityManager.cs","False","True","False","False"
"ProjectileManager.cs","E:\BDC\Projects\SASZombieAssaultTD\Engine\Managers\ProjectileManager.cs","False","False","False","False"
"WaveManager.cs","E:\BDC\Projects\SASZombieAssaultTD\Engine\Managers\WaveManager.cs","False","False","False","False"
"MemoryTracker.cs","E:\BDC\Projects\SASZombieAssaultTD\Engine\Memory\MemoryTracker.cs","False","False","False","False"
"ObjectPool.cs","E:\BDC\Projects\SASZombieAssaultTD\Engine\Memory\ObjectPool.cs","False","False","False","False"
"AStarPathfinder.cs","E:\BDC\Projects\SASZombieAssaultTD\Engine\Navigation\AStarPathfinder.cs","False","False","False","False"
"FlowField.cs","E:\BDC\Projects\SASZombieAssaultTD\Engine\Navigation\FlowField.cs","False","False","False","False"
"NavigationDebugRenderer.cs","E:\BDC\Projects\SASZombieAssaultTD\Engine\Navigation\NavigationDebugRenderer.cs","False","False","False","False"
"NavigationGrid.cs","E:\BDC\Projects\SASZombieAssaultTD\Engine\Navigation\NavigationGrid.cs","False","False","False","False"
"NavigationMigrationHelper.cs","E:\BDC\Projects\SASZombieAssaultTD\Engine\Navigation\NavigationMigrationHelper.cs","False","False","False","False"
"NavigationVerificationSuite.cs","E:\BDC\Projects\SASZombieAssaultTD\Engine\Navigation\NavigationVerificationSuite.cs","False","True","False","False"
"PathfindingOptimizer.cs","E:\BDC\Projects\SASZombieAssaultTD\Engine\Pathfinding\PathfindingOptimizer.cs","False","False","False","False"
"DebugOverlay.cs","E:\BDC\Projects\SASZombieAssaultTD\Engine\Performance\DebugOverlay.cs","False","True","False","False"
"FramePacer.cs","E:\BDC\Projects\SASZombieAssaultTD\Engine\Performance\FramePacer.cs","False","False","False","False"
"PerformanceProfiler.cs","E:\BDC\Projects\SASZombieAssaultTD\Engine\Performance\PerformanceProfiler.cs","False","False","False","False"
"AABBShape.cs","E:\BDC\Projects\SASZombieAssaultTD\Engine\Physics\AABBShape.cs","False","False","False","False"
"CapsuleShape.cs","E:\BDC\Projects\SASZombieAssaultTD\Engine\Physics\CapsuleShape.cs","False","False","False","False"
"CircleShape.cs","E:\BDC\Projects\SASZombieAssaultTD\Engine\Physics\CircleShape.cs","False","False","False","False"
"ColliderComponent.cs","E:\BDC\Projects\SASZombieAssaultTD\Engine\Physics\ColliderComponent.cs","False","False","False","False"
"CollisionDebugRenderer.cs","E:\BDC\Projects\SASZombieAssaultTD\Engine\Physics\CollisionDebugRenderer.cs","False","False","False","False"
"CollisionEvent.cs","E:\BDC\Projects\SASZombieAssaultTD\Engine\Physics\CollisionEvent.cs","False","False","False","False"
"CollisionShape.cs","E:\BDC\Projects\SASZombieAssaultTD\Engine\Physics\CollisionShape.cs","False","False","False","False"
"CollisionVerificationSuite.cs","E:\BDC\Projects\SASZombieAssaultTD\Engine\Physics\CollisionVerificationSuite.cs","False","False","False","False"
"PhysicsTuning.cs","E:\BDC\Projects\SASZombieAssaultTD\Engine\Physics\PhysicsTuning.cs","False","False","False","False"
"SpatialPartitionGrid.cs","E:\BDC\Projects\SASZombieAssaultTD\Engine\Physics\SpatialPartitionGrid.cs","False","False","False","False"
"Win32Window.cs","E:\BDC\Projects\SASZombieAssaultTD\Engine\Platform\Win32Window.cs","False","False","False","False"
"DebugOverlay.cs","E:\BDC\Projects\SASZombieAssaultTD\Engine\Rendering\DebugOverlay.cs","False","True","False","False"
"Framebuffer.cs","E:\BDC\Projects\SASZombieAssaultTD\Engine\Rendering\Framebuffer.cs","False","False","False","False"
"IRenderContext.cs","E:\BDC\Projects\SASZombieAssaultTD\Engine\Rendering\IRenderContext.cs","False","False","False","False"
"RenderCommandQueue.cs","E:\BDC\Projects\SASZombieAssaultTD\Engine\Rendering\RenderCommandQueue.cs","False","False","False","False"
"RenderDiagnostics.cs","E:\BDC\Projects\SASZombieAssaultTD\Engine\Rendering\RenderDiagnostics.cs","False","False","False","False"
"Renderer.cs","E:\BDC\Projects\SASZombieAssaultTD\Engine\Rendering\Renderer.cs","False","False","False","False"
"RenderInitValidator.cs","E:\BDC\Projects\SASZombieAssaultTD\Engine\Rendering\RenderInitValidator.cs","False","False","False","False"
"RenderPipelineConfig.cs","E:\BDC\Projects\SASZombieAssaultTD\Engine\Rendering\RenderPipelineConfig.cs","False","False","False","False"
"RenderQueue.cs","E:\BDC\Projects\SASZombieAssaultTD\Engine\Rendering\RenderQueue.cs","False","True","False","False"
"RenderSurface.cs","E:\BDC\Projects\SASZombieAssaultTD\Engine\Rendering\RenderSurface.cs","False","False","False","False"
"Sprite.cs","E:\BDC\Projects\SASZombieAssaultTD\Engine\Rendering\Sprite.cs","False","False","False","False"
"SpriteBatch.cs","E:\BDC\Projects\SASZombieAssaultTD\Engine\Rendering\SpriteBatch.cs","False","False","False","False"
"SpriteBatchOptimizer.cs","E:\BDC\Projects\SASZombieAssaultTD\Engine\Rendering\SpriteBatchOptimizer.cs","False","False","False","False"
"SpriteBatchRenderer.cs","E:\BDC\Projects\SASZombieAssaultTD\Engine\Rendering\SpriteBatchRenderer.cs","False","False","False","False"
"TextRenderer.cs","E:\BDC\Projects\SASZombieAssaultTD\Engine\Rendering\TextRenderer.cs","False","False","False","False"
"Texture2D.cs","E:\BDC\Projects\SASZombieAssaultTD\Engine\Rendering\Texture2D.cs","False","False","False","False"
"TextureCache.cs","E:\BDC\Projects\SASZombieAssaultTD\Engine\Rendering\TextureCache.cs","False","False","False","False"
"WindowHost.cs","E:\BDC\Projects\SASZombieAssaultTD\Engine\Rendering\WindowHost.cs","False","False","False","False"
"PathDebugRenderer.cs","E:\BDC\Projects\SASZombieAssaultTD\Engine\Rendering\Debug\PathDebugRenderer.cs","False","False","False","False"
"ZombieRenderer.cs","E:\BDC\Projects\SASZombieAssaultTD\Engine\Rendering\Zombies\ZombieRenderer.cs","False","False","False","False"
"SaveData.cs","E:\BDC\Projects\SASZombieAssaultTD\Engine\Save\SaveData.cs","False","True","False","False"
"SaveSystem.cs","E:\BDC\Projects\SASZombieAssaultTD\Engine\Save\SaveSystem.cs","False","False","False","False"
"Entity.cs","E:\BDC\Projects\SASZombieAssaultTD\Engine\Scene\Entity.cs","False","True","False","False"
"GameplayScene.cs","E:\BDC\Projects\SASZombieAssaultTD\Engine\Scene\GameplayScene.cs","False","False","False","False"
"MainMenuScene.cs","E:\BDC\Projects\SASZombieAssaultTD\Engine\Scene\MainMenuScene.cs","False","True","False","False"
"Scene.cs","E:\BDC\Projects\SASZombieAssaultTD\Engine\Scene\Scene.cs","False","False","False","False"
"SceneManager.cs","E:\BDC\Projects\SASZombieAssaultTD\Engine\Scene\SceneManager.cs","False","True","False","False"
"BaseScene.cs","E:\BDC\Projects\SASZombieAssaultTD\Engine\Scenes\BaseScene.cs","False","False","False","False"
"GameScene.cs","E:\BDC\Projects\SASZombieAssaultTD\Engine\Scenes\GameScene.cs","False","False","False","False"
"LoadingScene.cs","E:\BDC\Projects\SASZombieAssaultTD\Engine\Scenes\LoadingScene.cs","False","False","False","False"
"MainMenuScene.cs","E:\BDC\Projects\SASZombieAssaultTD\Engine\Scenes\MainMenuScene.cs","False","True","False","False"
"PauseScene.cs","E:\BDC\Projects\SASZombieAssaultTD\Engine\Scenes\PauseScene.cs","False","False","False","False"
"SceneManager.cs","E:\BDC\Projects\SASZombieAssaultTD\Engine\Scenes\SceneManager.cs","False","True","False","False"
"SceneTransitionTest.cs","E:\BDC\Projects\SASZombieAssaultTD\Engine\Scenes\SceneTransitionTest.cs","False","False","False","False"
"MeanStreetsTest.cs","E:\BDC\Projects\SASZombieAssaultTD\Engine\Scenes\TestScenes\MeanStreetsTest.cs","False","False","False","False"
"AdvancedStateMachine.cs","E:\BDC\Projects\SASZombieAssaultTD\Engine\State\AdvancedStateMachine.cs","False","False","False","False"
"BootState.cs","E:\BDC\Projects\SASZombieAssaultTD\Engine\State\BootState.cs","False","False","False","False"
"EnhancedStateMachine.cs","E:\BDC\Projects\SASZombieAssaultTD\Engine\State\EnhancedStateMachine.cs","False","False","False","False"
"GameEvent.cs","E:\BDC\Projects\SASZombieAssaultTD\Engine\State\GameEvent.cs","False","False","False","False"
"GameplayState.cs","E:\BDC\Projects\SASZombieAssaultTD\Engine\State\GameplayState.cs","False","False","False","False"
"GameStateType.cs","E:\BDC\Projects\SASZombieAssaultTD\Engine\State\GameStateType.cs","False","False","False","False"
"IGameState.cs","E:\BDC\Projects\SASZombieAssaultTD\Engine\State\IGameState.cs","False","False","False","False"
"MainMenuState.cs","E:\BDC\Projects\SASZombieAssaultTD\Engine\State\MainMenuState.cs","False","False","False","False"
"PausedState.cs","E:\BDC\Projects\SASZombieAssaultTD\Engine\State\PausedState.cs","False","False","False","False"
"StateBuilder.cs","E:\BDC\Projects\SASZombieAssaultTD\Engine\State\StateBuilder.cs","False","True","False","False"
"StateDebugger.cs","E:\BDC\Projects\SASZombieAssaultTD\Engine\State\StateDebugger.cs","False","False","False","False"
"StateFactory.cs","E:\BDC\Projects\SASZombieAssaultTD\Engine\State\StateFactory.cs","False","False","False","False"
"StateMachine.cs","E:\BDC\Projects\SASZombieAssaultTD\Engine\State\StateMachine.cs","False","False","False","False"
"StateMachineExtensions.cs","E:\BDC\Projects\SASZombieAssaultTD\Engine\State\StateMachineExtensions.cs","False","False","False","False"
"StateMachineIntegration.cs","E:\BDC\Projects\SASZombieAssaultTD\Engine\State\StateMachineIntegration.cs","False","False","False","False"
"StateMachineProfiler.cs","E:\BDC\Projects\SASZombieAssaultTD\Engine\State\StateMachineProfiler.cs","False","False","False","False"
"StateMachineTest.cs","E:\BDC\Projects\SASZombieAssaultTD\Engine\State\StateMachineTest.cs","False","False","False","False"
"StateTransition.cs","E:\BDC\Projects\SASZombieAssaultTD\Engine\State\StateTransition.cs","False","False","False","False"
"AnimationSystem.cs","E:\BDC\Projects\SASZombieAssaultTD\Engine\Systems\AnimationSystem.cs","False","True","False","False"
"CameraSystem.cs","E:\BDC\Projects\SASZombieAssaultTD\Engine\Systems\CameraSystem.cs","False","True","False","False"
"CollisionSystem.cs","E:\BDC\Projects\SASZombieAssaultTD\Engine\Systems\CollisionSystem.cs","False","True","False","False"
"DefaultPlatformRenderer.cs","E:\BDC\Projects\SASZombieAssaultTD\Engine\Systems\DefaultPlatformRenderer.cs","False","False","False","False"
"EventLogSystem.cs","E:\BDC\Projects\SASZombieAssaultTD\Engine\Systems\EventLogSystem.cs","False","False","False","False"
"GameStateManager.cs","E:\BDC\Projects\SASZombieAssaultTD\Engine\Systems\GameStateManager.cs","False","False","False","False"
"InputRouter.cs","E:\BDC\Projects\SASZombieAssaultTD\Engine\Systems\InputRouter.cs","False","False","False","False"
"LoggingSystem.cs","E:\BDC\Projects\SASZombieAssaultTD\Engine\Systems\LoggingSystem.cs","False","False","False","False"
"ParticleSystem.cs","E:\BDC\Projects\SASZombieAssaultTD\Engine\Systems\ParticleSystem.cs","False","False","False","False"
"PathfindingSystem.cs","E:\BDC\Projects\SASZombieAssaultTD\Engine\Systems\PathfindingSystem.cs","False","True","False","False"
"PhysicsSystem.cs","E:\BDC\Projects\SASZombieAssaultTD\Engine\Systems\PhysicsSystem.cs","False","False","False","False"
"RenderingSystem.cs","E:\BDC\Projects\SASZombieAssaultTD\Engine\Systems\RenderingSystem.cs","False","False","False","False"
"RenderQueue.cs","E:\BDC\Projects\SASZombieAssaultTD\Engine\Systems\RenderQueue.cs","False","True","False","False"
"TriggerSystem.cs","E:\BDC\Projects\SASZombieAssaultTD\Engine\Systems\TriggerSystem.cs","False","False","False","False"
"UISystem.cs","E:\BDC\Projects\SASZombieAssaultTD\Engine\Systems\UISystem.cs","False","True","False","False"
"WaveAnalyticsSummary.cs","E:\BDC\Projects\SASZombieAssaultTD\Engine\Systems\WaveAnalyticsSummary.cs","False","False","False","False"
"WaveSystem.cs","E:\BDC\Projects\SASZombieAssaultTD\Engine\Systems\WaveSystem.cs","False","False","False","False"
"AchievementDefinition.cs","E:\BDC\Projects\SASZombieAssaultTD\Engine\Systems\Achievements\AchievementDefinition.cs","False","False","False","False"
"AchievementInstance.cs","E:\BDC\Projects\SASZombieAssaultTD\Engine\Systems\Achievements\AchievementInstance.cs","False","False","False","False"
"AchievementListRenderer.cs","E:\BDC\Projects\SASZombieAssaultTD\Engine\Systems\Achievements\AchievementListRenderer.cs","False","True","False","False"
"AchievementPopupRenderer.cs","E:\BDC\Projects\SASZombieAssaultTD\Engine\Systems\Achievements\AchievementPopupRenderer.cs","False","True","False","False"
"AchievementRarity.cs","E:\BDC\Projects\SASZombieAssaultTD\Engine\Systems\Achievements\AchievementRarity.cs","False","False","False","False"
"ChallengeDefinition.cs","E:\BDC\Projects\SASZombieAssaultTD\Engine\Systems\Achievements\ChallengeDefinition.cs","False","False","False","False"
"ChallengeInstance.cs","E:\BDC\Projects\SASZombieAssaultTD\Engine\Systems\Achievements\ChallengeInstance.cs","False","False","False","False"
"AchievementListRenderer.cs","E:\BDC\Projects\SASZombieAssaultTD\Engine\Systems\Achievements\UI\AchievementListRenderer.cs","False","True","False","False"
"AchievementPopupRenderer.cs","E:\BDC\Projects\SASZombieAssaultTD\Engine\Systems\Achievements\UI\AchievementPopupRenderer.cs","False","True","False","False"
"AIController.cs","E:\BDC\Projects\SASZombieAssaultTD\Engine\Systems\AI\AIController.cs","False","False","False","False"
"BasicChaseBehavior.cs","E:\BDC\Projects\SASZombieAssaultTD\Engine\Systems\AI\Behaviors\BasicChaseBehavior.cs","False","False","False","False"
"Blackboard.cs","E:\BDC\Projects\SASZombieAssaultTD\Engine\Systems\AI\Blackboard\Blackboard.cs","False","False","False","False"
"AssetBatchLoadResult.cs","E:\BDC\Projects\SASZombieAssaultTD\Engine\Systems\Assets\AssetBatchLoadResult.cs","False","False","False","False"
"AssetBundle.cs","E:\BDC\Projects\SASZombieAssaultTD\Engine\Systems\Assets\AssetBundle.cs","False","False","False","False"
"AssetDiscovery.cs","E:\BDC\Projects\SASZombieAssaultTD\Engine\Systems\Assets\AssetDiscovery.cs","False","False","False","False"
"AssetHandle.cs","E:\BDC\Projects\SASZombieAssaultTD\Engine\Systems\Assets\AssetHandle.cs","False","False","False","False"
"AssetInitializer.cs","E:\BDC\Projects\SASZombieAssaultTD\Engine\Systems\Assets\AssetInitializer.cs","False","False","False","False"
"AssetKey.cs","E:\BDC\Projects\SASZombieAssaultTD\Engine\Systems\Assets\AssetKey.cs","False","False","False","False"
"AssetLoadContext.cs","E:\BDC\Projects\SASZombieAssaultTD\Engine\Systems\Assets\AssetLoadContext.cs","False","False","False","False"
"AssetLoadResult.cs","E:\BDC\Projects\SASZombieAssaultTD\Engine\Systems\Assets\AssetLoadResult.cs","False","False","False","False"
"AssetManager.cs","E:\BDC\Projects\SASZombieAssaultTD\Engine\Systems\Assets\AssetManager.cs","False","False","False","False"
"AssetMetadata.cs","E:\BDC\Projects\SASZombieAssaultTD\Engine\Systems\Assets\AssetMetadata.cs","False","False","False","False"
"AssetPipeline.cs","E:\BDC\Projects\SASZombieAssaultTD\Engine\Systems\Assets\AssetPipeline.cs","False","False","False","False"
"AssetRegistry.cs","E:\BDC\Projects\SASZombieAssaultTD\Engine\Systems\Assets\AssetRegistry.cs","False","False","False","False"
"AssetSource.cs","E:\BDC\Projects\SASZombieAssaultTD\Engine\Systems\Assets\AssetSource.cs","False","False","False","False"
"AssetType.cs","E:\BDC\Projects\SASZombieAssaultTD\Engine\Systems\Assets\AssetType.cs","False","False","False","False"
"AssetUtils.cs","E:\BDC\Projects\SASZombieAssaultTD\Engine\Systems\Assets\AssetUtils.cs","False","False","False","False"
"AssetValidation.cs","E:\BDC\Projects\SASZombieAssaultTD\Engine\Systems\Assets\AssetValidation.cs","False","False","False","False"
"DataLoader.cs","E:\BDC\Projects\SASZombieAssaultTD\Engine\Systems\Assets\DataLoader.cs","False","False","False","False"
"TextureLoader.cs","E:\BDC\Projects\SASZombieAssaultTD\Engine\Systems\Assets\TextureLoader.cs","False","False","False","False"
"AudioSystem.cs","E:\BDC\Projects\SASZombieAssaultTD\Engine\Systems\Audio\AudioSystem.cs","False","False","False","False"
"MusicTrack.cs","E:\BDC\Projects\SASZombieAssaultTD\Engine\Systems\Audio\MusicTrack.cs","False","True","False","False"
"SoundEffect.cs","E:\BDC\Projects\SASZombieAssaultTD\Engine\Systems\Audio\SoundEffect.cs","False","True","False","False"
"ChallengeDifficulty.cs","E:\BDC\Projects\SASZombieAssaultTD\Engine\Systems\Challenges\ChallengeDifficulty.cs","False","False","False","False"
"ChallengeListRenderer.cs","E:\BDC\Projects\SASZombieAssaultTD\Engine\Systems\Challenges\ChallengeListRenderer.cs","False","True","False","False"
"ChallengeTrackerRenderer.cs","E:\BDC\Projects\SASZombieAssaultTD\Engine\Systems\Challenges\ChallengeTrackerRenderer.cs","False","True","False","False"
"KillFeedSystem.cs","E:\BDC\Projects\SASZombieAssaultTD\Engine\Systems\Combat\KillFeedSystem.cs","False","True","False","False"
"KillFeedStatistics.cs","E:\BDC\Projects\SASZombieAssaultTD\Engine\Systems\Combat\Statistics\KillFeedStatistics.cs","False","True","False","False"
"DebugLogger.cs","E:\BDC\Projects\SASZombieAssaultTD\Engine\Systems\Diagnostics\DebugLogger.cs","False","False","False","False"
"FrameStats.cs","E:\BDC\Projects\SASZombieAssaultTD\Engine\Systems\Diagnostics\FrameStats.cs","False","False","False","False"
"HeartbeatMonitor.cs","E:\BDC\Projects\SASZombieAssaultTD\Engine\Systems\Diagnostics\HeartbeatMonitor.cs","False","False","False","False"
"Timing.cs","E:\BDC\Projects\SASZombieAssaultTD\Engine\Systems\Diagnostics\Timing.cs","False","False","False","False"
"EnemyDefinition.cs","E:\BDC\Projects\SASZombieAssaultTD\Engine\Systems\Enemies\EnemyDefinition.cs","False","False","False","False"
"EnemyDefinitionRegistry.cs","E:\BDC\Projects\SASZombieAssaultTD\Engine\Systems\Enemies\EnemyDefinitionRegistry.cs","False","False","False","False"
"EnemyDefinitionValidator.cs","E:\BDC\Projects\SASZombieAssaultTD\Engine\Systems\Enemies\EnemyDefinitionValidator.cs","False","False","False","False"
"EnemySystem.cs","E:\BDC\Projects\SASZombieAssaultTD\Engine\Systems\Enemies\EnemySystem.cs","False","False","False","False"
"ZombieAI.cs","E:\BDC\Projects\SASZombieAssaultTD\Engine\Systems\Enemies\ZombieAI.cs","False","False","False","False"
"ZombieMovement.cs","E:\BDC\Projects\SASZombieAssaultTD\Engine\Systems\Enemies\ZombieMovement.cs","False","False","False","False"
"ZombieSpawner.cs","E:\BDC\Projects\SASZombieAssaultTD\Engine\Systems\Enemies\ZombieSpawner.cs","False","False","False","False"
"EnemyDefinitionRegistryTests.cs","E:\BDC\Projects\SASZombieAssaultTD\Engine\Systems\Enemies\Tests\EnemyDefinitionRegistryTests.cs","False","False","False","False"
"EnemyDefinitionValidatorTests.cs","E:\BDC\Projects\SASZombieAssaultTD\Engine\Systems\Enemies\Tests\EnemyDefinitionValidatorTests.cs","False","False","False","False"
".NETCoreApp,Version=v10.0.AssemblyAttributes.cs","E:\BDC\Projects\SASZombieAssaultTD\Engine\Systems\Enemies\Tests\obj\Debug\net10.0-windows\.NETCoreApp,Version=v10.0.AssemblyAttributes.cs","False","True","False","False"
"SASZombieAssaultTD.Engine.Systems.Enemies.Tests.AssemblyInfo.cs","E:\BDC\Projects\SASZombieAssaultTD\Engine\Systems\Enemies\Tests\obj\Debug\net10.0-windows\SASZombieAssaultTD.Engine.Systems.Enemies.Tests.AssemblyInfo.cs","False","False","False","False"
"SASZombieAssaultTD.Engine.Systems.Enemies.Tests.GlobalUsings.g.cs","E:\BDC\Projects\SASZombieAssaultTD\Engine\Systems\Enemies\Tests\obj\Debug\net10.0-windows\SASZombieAssaultTD.Engine.Systems.Enemies.Tests.GlobalUsings.g.cs","False","False","False","False"
"AchievementUnlockedEvent.cs","E:\BDC\Projects\SASZombieAssaultTD\Engine\Systems\Events\AchievementUnlockedEvent.cs","False","False","False","False"
"ChallengeCompletedEvent.cs","E:\BDC\Projects\SASZombieAssaultTD\Engine\Systems\Events\ChallengeCompletedEvent.cs","False","False","False","False"
"EntityDiedEvent.cs","E:\BDC\Projects\SASZombieAssaultTD\Engine\Systems\Events\EntityDiedEvent.cs","False","False","False","False"
"EntityRespawnedEvent.cs","E:\BDC\Projects\SASZombieAssaultTD\Engine\Systems\Events\EntityRespawnedEvent.cs","False","False","False","False"
"EventBus.cs","E:\BDC\Projects\SASZombieAssaultTD\Engine\Systems\Events\EventBus.cs","False","False","False","False"
"EventManager.cs","E:\BDC\Projects\SASZombieAssaultTD\Engine\Systems\Events\EventManager.cs","False","False","False","False"
"GameLoadedEvent.cs","E:\BDC\Projects\SASZombieAssaultTD\Engine\Systems\Events\GameLoadedEvent.cs","False","False","False","False"
"GameOverEvent.cs","E:\BDC\Projects\SASZombieAssaultTD\Engine\Systems\Events\GameOverEvent.cs","False","False","False","False"
"IEventBus.cs","E:\BDC\Projects\SASZombieAssaultTD\Engine\Systems\Events\IEventBus.cs","False","False","False","False"
"IEventListener.cs","E:\BDC\Projects\SASZombieAssaultTD\Engine\Systems\Events\IEventListener.cs","False","False","False","False"
"IGameEvent.cs","E:\BDC\Projects\SASZombieAssaultTD\Engine\Systems\Events\IGameEvent.cs","False","False","False","False"
"ItemAddedEvent.cs","E:\BDC\Projects\SASZombieAssaultTD\Engine\Systems\Events\ItemAddedEvent.cs","False","False","False","False"
"ItemPickupEvent.cs","E:\BDC\Projects\SASZombieAssaultTD\Engine\Systems\Events\ItemPickupEvent.cs","False","False","False","False"
"ItemRemovedEvent.cs","E:\BDC\Projects\SASZombieAssaultTD\Engine\Systems\Events\ItemRemovedEvent.cs","False","False","False","False"
"ItemUseEvent.cs","E:\BDC\Projects\SASZombieAssaultTD\Engine\Systems\Events\ItemUseEvent.cs","False","False","False","False"
"KillAttributedEvent.cs","E:\BDC\Projects\SASZombieAssaultTD\Engine\Systems\Events\KillAttributedEvent.cs","False","False","False","False"
"LevelUpEvent.cs","E:\BDC\Projects\SASZombieAssaultTD\Engine\Systems\Events\LevelUpEvent.cs","False","False","False","False"
"ResourceChangedEvent.cs","E:\BDC\Projects\SASZombieAssaultTD\Engine\Systems\Events\ResourceChangedEvent.cs","False","False","False","False"
"RoundCompletedEvent.cs","E:\BDC\Projects\SASZombieAssaultTD\Engine\Systems\Events\RoundCompletedEvent.cs","False","False","False","False"
"ScoreUpdatedEvent.cs","E:\BDC\Projects\SASZombieAssaultTD\Engine\Systems\Events\ScoreUpdatedEvent.cs","False","False","False","False"
"TriggerEnterEvent.cs","E:\BDC\Projects\SASZombieAssaultTD\Engine\Systems\Events\TriggerEnterEvent.cs","False","False","False","False"
"TriggerExitEvent.cs","E:\BDC\Projects\SASZombieAssaultTD\Engine\Systems\Events\TriggerExitEvent.cs","False","False","False","False"
"ZoneEnteredEvent.cs","E:\BDC\Projects\SASZombieAssaultTD\Engine\Systems\Events\ZoneEnteredEvent.cs","False","False","False","False"
"ZoneExitedEvent.cs","E:\BDC\Projects\SASZombieAssaultTD\Engine\Systems\Events\ZoneExitedEvent.cs","False","False","False","False"
"AchievementSystem.cs","E:\BDC\Projects\SASZombieAssaultTD\Engine\Systems\Gameplay\AchievementSystem.cs","False","False","False","False"
"AnimationSystem.cs","E:\BDC\Projects\SASZombieAssaultTD\Engine\Systems\Gameplay\AnimationSystem.cs","False","True","False","False"
"AnimationTriggerSystem.cs","E:\BDC\Projects\SASZombieAssaultTD\Engine\Systems\Gameplay\AnimationTriggerSystem.cs","False","False","False","False"
"CameraSystem.cs","E:\BDC\Projects\SASZombieAssaultTD\Engine\Systems\Gameplay\CameraSystem.cs","False","True","False","False"
"ChallengeSystem.cs","E:\BDC\Projects\SASZombieAssaultTD\Engine\Systems\Gameplay\ChallengeSystem.cs","False","False","False","False"
"DamageSystem.cs","E:\BDC\Projects\SASZombieAssaultTD\Engine\Systems\Gameplay\DamageSystem.cs","False","False","False","False"
"DeathEffectSystem.cs","E:\BDC\Projects\SASZombieAssaultTD\Engine\Systems\Gameplay\DeathEffectSystem.cs","False","False","False","False"
"DeathSystem.cs","E:\BDC\Projects\SASZombieAssaultTD\Engine\Systems\Gameplay\DeathSystem.cs","False","False","False","False"
"EnemyBase.cs","E:\BDC\Projects\SASZombieAssaultTD\Engine\Systems\Gameplay\EnemyBase.cs","False","False","False","False"
"EntityRemovalSystem.cs","E:\BDC\Projects\SASZombieAssaultTD\Engine\Systems\Gameplay\EntityRemovalSystem.cs","False","False","False","False"
"GameOverSystem.cs","E:\BDC\Projects\SASZombieAssaultTD\Engine\Systems\Gameplay\GameOverSystem.cs","False","False","False","False"
"InventorySystem.cs","E:\BDC\Projects\SASZombieAssaultTD\Engine\Systems\Gameplay\InventorySystem.cs","False","True","False","False"
"KillAttributionSystem.cs","E:\BDC\Projects\SASZombieAssaultTD\Engine\Systems\Gameplay\KillAttributionSystem.cs","False","False","False","False"
"MetaProgressionSystem.cs","E:\BDC\Projects\SASZombieAssaultTD\Engine\Systems\Gameplay\MetaProgressionSystem.cs","False","False","False","False"
"PathfindingSystem.cs","E:\BDC\Projects\SASZombieAssaultTD\Engine\Systems\Gameplay\PathfindingSystem.cs","False","True","False","False"
"PickupSystem.cs","E:\BDC\Projects\SASZombieAssaultTD\Engine\Systems\Gameplay\PickupSystem.cs","False","False","False","False"
"PlayerMovementConfig.cs","E:\BDC\Projects\SASZombieAssaultTD\Engine\Systems\Gameplay\PlayerMovementConfig.cs","False","False","False","False"
"PlayerSystem.cs","E:\BDC\Projects\SASZombieAssaultTD\Engine\Systems\Gameplay\PlayerSystem.cs","False","False","False","False"
"ProjectileSystem.cs","E:\BDC\Projects\SASZombieAssaultTD\Engine\Systems\Gameplay\ProjectileSystem.cs","False","False","False","False"
"ResourceSystem.cs","E:\BDC\Projects\SASZombieAssaultTD\Engine\Systems\Gameplay\ResourceSystem.cs","False","True","False","False"
"ResourceType.cs","E:\BDC\Projects\SASZombieAssaultTD\Engine\Systems\Gameplay\ResourceType.cs","False","False","False","False"
"RespawnSystem.cs","E:\BDC\Projects\SASZombieAssaultTD\Engine\Systems\Gameplay\RespawnSystem.cs","False","False","False","False"
"RoundResetSystem.cs","E:\BDC\Projects\SASZombieAssaultTD\Engine\Systems\Gameplay\RoundResetSystem.cs","False","False","False","False"
"ScoreSystem.cs","E:\BDC\Projects\SASZombieAssaultTD\Engine\Systems\Gameplay\ScoreSystem.cs","False","False","False","False"
"StatsTrackerSystem.cs","E:\BDC\Projects\SASZombieAssaultTD\Engine\Systems\Gameplay\StatsTrackerSystem.cs","False","False","False","False"
"TowerBase.cs","E:\BDC\Projects\SASZombieAssaultTD\Engine\Systems\Gameplay\TowerBase.cs","False","False","False","False"
"TowerSystem.cs","E:\BDC\Projects\SASZombieAssaultTD\Engine\Systems\Gameplay\TowerSystem.cs","False","False","False","False"
"WaveController.cs","E:\BDC\Projects\SASZombieAssaultTD\Engine\Systems\Gameplay\WaveController.cs","False","False","False","False"
"ZoneTriggerSystem.cs","E:\BDC\Projects\SASZombieAssaultTD\Engine\Systems\Gameplay\ZoneTriggerSystem.cs","False","False","False","False"
"AnimationClip.cs","E:\BDC\Projects\SASZombieAssaultTD\Engine\Systems\Gameplay\Animation\AnimationClip.cs","False","True","False","False"
"AnimationFrame.cs","E:\BDC\Projects\SASZombieAssaultTD\Engine\Systems\Gameplay\Animation\AnimationFrame.cs","False","False","False","False"
"AnimationPlayer.cs","E:\BDC\Projects\SASZombieAssaultTD\Engine\Systems\Gameplay\Animation\AnimationPlayer.cs","False","False","False","False"
"GameplayEventRouter.cs","E:\BDC\Projects\SASZombieAssaultTD\Engine\Systems\Gameplay\Events\GameplayEventRouter.cs","False","False","False","False"
"GameplayEventType.cs","E:\BDC\Projects\SASZombieAssaultTD\Engine\Systems\Gameplay\Events\GameplayEventType.cs","False","False","False","False"
"IInteractable.cs","E:\BDC\Projects\SASZombieAssaultTD\Engine\Systems\Gameplay\Interaction\IInteractable.cs","False","False","False","False"
"InteractionSystem.cs","E:\BDC\Projects\SASZombieAssaultTD\Engine\Systems\Gameplay\Interaction\InteractionSystem.cs","False","False","False","False"
"InteractionType.cs","E:\BDC\Projects\SASZombieAssaultTD\Engine\Systems\Gameplay\Interaction\InteractionType.cs","False","False","False","False"
"InventorySystem.cs","E:\BDC\Projects\SASZombieAssaultTD\Engine\Systems\Gameplay\Inventory\InventorySystem.cs","False","True","False","False"
"WeaponSystem.cs","E:\BDC\Projects\SASZombieAssaultTD\Engine\Systems\Gameplay\Weapons\WeaponSystem.cs","False","False","False","False"
"BasicZombie.cs","E:\BDC\Projects\SASZombieAssaultTD\Engine\Systems\Gameplay\Zombies\BasicZombie.cs","False","False","False","False"
"ZombieBase.cs","E:\BDC\Projects\SASZombieAssaultTD\Engine\Systems\Gameplay\Zombies\ZombieBase.cs","False","False","False","False"
"ZombieController.cs","E:\BDC\Projects\SASZombieAssaultTD\Engine\Systems\Gameplay\Zombies\ZombieController.cs","False","False","False","False"
"HazardAnalytics.cs","E:\BDC\Projects\SASZombieAssaultTD\Engine\Systems\Hazards\Analytics\HazardAnalytics.cs","False","False","False","False"
"HazardAnalyticsValidator.cs","E:\BDC\Projects\SASZombieAssaultTD\Engine\Systems\Hazards\Analytics\HazardAnalyticsValidator.cs","False","False","False","False"
"HazardDebugOverlay.cs","E:\BDC\Projects\SASZombieAssaultTD\Engine\Systems\Hazards\Analytics\HazardDebugOverlay.cs","False","False","False","False"
"HazardEffectResult.cs","E:\BDC\Projects\SASZombieAssaultTD\Engine\Systems\Hazards\Analytics\HazardEffectResult.cs","False","False","False","False"
"HazardEffect.cs","E:\BDC\Projects\SASZombieAssaultTD\Engine\Systems\Hazards\Core\HazardEffect.cs","False","False","False","False"
"HazardManager.cs","E:\BDC\Projects\SASZombieAssaultTD\Engine\Systems\Hazards\Core\HazardManager.cs","False","False","False","False"
"HazardZone.cs","E:\BDC\Projects\SASZombieAssaultTD\Engine\Systems\Hazards\Core\HazardZone.cs","False","False","False","False"
"StandardHazardZone.cs","E:\BDC\Projects\SASZombieAssaultTD\Engine\Systems\Hazards\Core\StandardHazardZone.cs","False","False","False","False"
"NukeBlast.cs","E:\BDC\Projects\SASZombieAssaultTD\Engine\Systems\Hazards\Nuke\NukeBlast.cs","False","False","False","False"
"NukeCloud.cs","E:\BDC\Projects\SASZombieAssaultTD\Engine\Systems\Hazards\Nuke\NukeCloud.cs","False","False","False","False"
"RadiationExposure.cs","E:\BDC\Projects\SASZombieAssaultTD\Engine\Systems\Hazards\Nuke\RadiationExposure.cs","False","False","False","False"
"HazardVisualSystem.cs","E:\BDC\Projects\SASZombieAssaultTD\Engine\Systems\Hazards\Visual\HazardVisualSystem.cs","False","False","False","False"
"ItemDatabase.cs","E:\BDC\Projects\SASZombieAssaultTD\Engine\Systems\Inventory\ItemDatabase.cs","False","False","False","False"
"ItemDefinition.cs","E:\BDC\Projects\SASZombieAssaultTD\Engine\Systems\Inventory\ItemDefinition.cs","False","False","False","False"
"ItemInstance.cs","E:\BDC\Projects\SASZombieAssaultTD\Engine\Systems\Inventory\ItemInstance.cs","False","False","False","False"
"MetaProgressionRenderer.cs","E:\BDC\Projects\SASZombieAssaultTD\Engine\Systems\Meta\MetaProgressionRenderer.cs","False","True","False","False"
"Pathfinder.cs","E:\BDC\Projects\SASZombieAssaultTD\Engine\Systems\Pathfinding\Pathfinder.cs","False","False","False","False"
"PathLoader.cs","E:\BDC\Projects\SASZombieAssaultTD\Engine\Systems\Pathfinding\PathLoader.cs","False","False","False","False"
"PathNetwork.cs","E:\BDC\Projects\SASZombieAssaultTD\Engine\Systems\Pathfinding\PathNetwork.cs","False","False","False","False"
"PathNode.cs","E:\BDC\Projects\SASZombieAssaultTD\Engine\Systems\Pathfinding\PathNode.cs","False","False","False","False"
"LoadSystem.cs","E:\BDC\Projects\SASZombieAssaultTD\Engine\Systems\Persistence\LoadSystem.cs","False","False","False","False"
"SaveGameData.cs","E:\BDC\Projects\SASZombieAssaultTD\Engine\Systems\Persistence\SaveGameData.cs","False","False","False","False"
"SaveManager.cs","E:\BDC\Projects\SASZombieAssaultTD\Engine\Systems\Persistence\SaveManager.cs","False","True","False","False"
"SaveSerializer.cs","E:\BDC\Projects\SASZombieAssaultTD\Engine\Systems\Persistence\SaveSerializer.cs","False","False","False","False"
"PlayerStatsData.cs","E:\BDC\Projects\SASZombieAssaultTD\Engine\Systems\Player\PlayerStatsData.cs","False","False","False","False"
"RenderContext.cs","E:\BDC\Projects\SASZombieAssaultTD\Engine\Systems\Rendering\RenderContext.cs","False","False","False","False"
"RenderSettings.cs","E:\BDC\Projects\SASZombieAssaultTD\Engine\Systems\Rendering\RenderSettings.cs","False","False","False","False"
"RenderSystem.cs","E:\BDC\Projects\SASZombieAssaultTD\Engine\Systems\Rendering\RenderSystem.cs","False","True","False","False"
"ResourceSystem.cs","E:\BDC\Projects\SASZombieAssaultTD\Engine\Systems\Resources\ResourceSystem.cs","False","True","False","False"
"SaveFileInfo.cs","E:\BDC\Projects\SASZombieAssaultTD\Engine\Systems\Save\SaveFileInfo.cs","False","False","False","False"
"FileUtils.cs","E:\BDC\Projects\SASZombieAssaultTD\Engine\Systems\SaveLoad\FileUtils.cs","False","False","False","False"
"JsonUtils.cs","E:\BDC\Projects\SASZombieAssaultTD\Engine\Systems\SaveLoad\JsonUtils.cs","False","False","False","False"
"SaveData.cs","E:\BDC\Projects\SASZombieAssaultTD\Engine\Systems\SaveLoad\SaveData.cs","False","True","False","False"
"SaveManager.cs","E:\BDC\Projects\SASZombieAssaultTD\Engine\Systems\SaveLoad\SaveManager.cs","False","True","False","False"
"SaveVersioning.cs","E:\BDC\Projects\SASZombieAssaultTD\Engine\Systems\SaveLoad\SaveVersioning.cs","False","False","False","False"
"SettingsSystem.cs","E:\BDC\Projects\SASZombieAssaultTD\Engine\Systems\Settings\SettingsSystem.cs","False","False","False","False"
"AchievementListRenderer.cs","E:\BDC\Projects\SASZombieAssaultTD\Engine\Systems\UI\AchievementListRenderer.cs","False","True","False","False"
"AchievementPopupRenderer.cs","E:\BDC\Projects\SASZombieAssaultTD\Engine\Systems\UI\AchievementPopupRenderer.cs","False","True","False","False"
"Button.cs","E:\BDC\Projects\SASZombieAssaultTD\Engine\Systems\UI\Button.cs","False","False","False","False"
"ChallengeListRenderer.cs","E:\BDC\Projects\SASZombieAssaultTD\Engine\Systems\UI\ChallengeListRenderer.cs","False","True","False","False"
"ChallengeTrackerRenderer.cs","E:\BDC\Projects\SASZombieAssaultTD\Engine\Systems\UI\ChallengeTrackerRenderer.cs","False","True","False","False"
"GameOverScreenRenderer.cs","E:\BDC\Projects\SASZombieAssaultTD\Engine\Systems\UI\GameOverScreenRenderer.cs","False","False","False","False"
"GameOverScreenStatistics.cs","E:\BDC\Projects\SASZombieAssaultTD\Engine\Systems\UI\GameOverScreenStatistics.cs","False","False","False","False"
"HealthBarRenderer.cs","E:\BDC\Projects\SASZombieAssaultTD\Engine\Systems\UI\HealthBarRenderer.cs","False","False","False","False"
"HUD.cs","E:\BDC\Projects\SASZombieAssaultTD\Engine\Systems\UI\HUD.cs","False","False","False","False"
"InventoryPanelRenderer.cs","E:\BDC\Projects\SASZombieAssaultTD\Engine\Systems\UI\InventoryPanelRenderer.cs","False","False","False","False"
"ItemTooltipRenderer.cs","E:\BDC\Projects\SASZombieAssaultTD\Engine\Systems\UI\ItemTooltipRenderer.cs","False","False","False","False"
"KillFeedSystem.cs","E:\BDC\Projects\SASZombieAssaultTD\Engine\Systems\UI\KillFeedSystem.cs","False","True","False","False"
"LayoutSystem.cs","E:\BDC\Projects\SASZombieAssaultTD\Engine\Systems\UI\LayoutSystem.cs","False","False","False","False"
"Menus.cs","E:\BDC\Projects\SASZombieAssaultTD\Engine\Systems\UI\Menus.cs","False","False","False","False"
"MetaProgressionRenderer.cs","E:\BDC\Projects\SASZombieAssaultTD\Engine\Systems\UI\MetaProgressionRenderer.cs","False","True","False","False"
"Panel.cs","E:\BDC\Projects\SASZombieAssaultTD\Engine\Systems\UI\Panel.cs","False","True","False","False"
"PointF.cs","E:\BDC\Projects\SASZombieAssaultTD\Engine\Systems\UI\PointF.cs","False","False","False","False"
"ResourceDisplayRenderer.cs","E:\BDC\Projects\SASZombieAssaultTD\Engine\Systems\UI\ResourceDisplayRenderer.cs","False","False","False","False"
"RespawnCountdownRenderer.cs","E:\BDC\Projects\SASZombieAssaultTD\Engine\Systems\UI\RespawnCountdownRenderer.cs","False","False","False","False"
"RespawnCountdownStatistics.cs","E:\BDC\Projects\SASZombieAssaultTD\Engine\Systems\UI\RespawnCountdownStatistics.cs","False","False","False","False"
"RoundCompleteNotificationRenderer.cs","E:\BDC\Projects\SASZombieAssaultTD\Engine\Systems\UI\RoundCompleteNotificationRenderer.cs","False","False","False","False"
"RoundCompleteStatistics.cs","E:\BDC\Projects\SASZombieAssaultTD\Engine\Systems\UI\RoundCompleteStatistics.cs","False","False","False","False"
"ScoreDisplayStatistics.cs","E:\BDC\Projects\SASZombieAssaultTD\Engine\Systems\UI\ScoreDisplayStatistics.cs","False","False","False","False"
"ScoreDisplaySystem.cs","E:\BDC\Projects\SASZombieAssaultTD\Engine\Systems\UI\ScoreDisplaySystem.cs","False","False","False","False"
"UIElement.cs","E:\BDC\Projects\SASZombieAssaultTD\Engine\Systems\UI\UIElement.cs","False","True","False","False"
"UIElementBase.cs","E:\BDC\Projects\SASZombieAssaultTD\Engine\Systems\UI\UIElementBase.cs","False","False","False","False"
"UIRoot.cs","E:\BDC\Projects\SASZombieAssaultTD\Engine\Systems\UI\UIRoot.cs","False","False","False","False"
"UISystem.cs","E:\BDC\Projects\SASZombieAssaultTD\Engine\Systems\UI\UISystem.cs","False","True","False","False"
"UIAssetLoader.cs","E:\BDC\Projects\SASZombieAssaultTD\Engine\Systems\UI\Assets\UIAssetLoader.cs","False","False","False","False"
"UIFont.cs","E:\BDC\Projects\SASZombieAssaultTD\Engine\Systems\UI\Assets\UIFont.cs","False","False","False","False"
"UISprite.cs","E:\BDC\Projects\SASZombieAssaultTD\Engine\Systems\UI\Assets\UISprite.cs","False","False","False","False"
"UIDebugInspector.cs","E:\BDC\Projects\SASZombieAssaultTD\Engine\Systems\UI\Debug\UIDebugInspector.cs","False","False","False","False"
"UIDebugOverlay.cs","E:\BDC\Projects\SASZombieAssaultTD\Engine\Systems\UI\Debug\UIDebugOverlay.cs","False","False","False","False"
"UIFocusManager.cs","E:\BDC\Projects\SASZombieAssaultTD\Engine\Systems\UI\Input\UIFocusManager.cs","False","False","False","False"
"UIInputRouter.cs","E:\BDC\Projects\SASZombieAssaultTD\Engine\Systems\UI\Input\UIInputRouter.cs","False","False","False","False"
"UIInputState.cs","E:\BDC\Projects\SASZombieAssaultTD\Engine\Systems\UI\Input\UIInputState.cs","False","False","False","False"
"UILayoutSystem.cs","E:\BDC\Projects\SASZombieAssaultTD\Engine\Systems\UI\Layout\UILayoutSystem.cs","False","False","False","False"
"UILayoutTypes.cs","E:\BDC\Projects\SASZombieAssaultTD\Engine\Systems\UI\Layout\UILayoutTypes.cs","False","False","False","False"
"UIBatcher.cs","E:\BDC\Projects\SASZombieAssaultTD\Engine\Systems\UI\Rendering\UIBatcher.cs","False","False","False","False"
"UIRenderContext.cs","E:\BDC\Projects\SASZombieAssaultTD\Engine\Systems\UI\Rendering\UIRenderContext.cs","False","False","False","False"
"UIRenderer.cs","E:\BDC\Projects\SASZombieAssaultTD\Engine\Systems\UI\Rendering\UIRenderer.cs","False","False","False","False"
"HealthBarRendererStatistics.cs","E:\BDC\Projects\SASZombieAssaultTD\Engine\Systems\UI\Statistics\HealthBarRendererStatistics.cs","False","False","False","False"
"KillFeedStatistics.cs","E:\BDC\Projects\SASZombieAssaultTD\Engine\Systems\UI\Statistics\KillFeedStatistics.cs","False","True","False","False"
"UIStyle.cs","E:\BDC\Projects\SASZombieAssaultTD\Engine\Systems\UI\Styles\UIStyle.cs","False","False","False","False"
"UIStyleResolver.cs","E:\BDC\Projects\SASZombieAssaultTD\Engine\Systems\UI\Styles\UIStyleResolver.cs","False","False","False","False"
"UIStyleSheet.cs","E:\BDC\Projects\SASZombieAssaultTD\Engine\Systems\UI\Styles\UIStyleSheet.cs","False","False","False","False"
"UIButton.cs","E:\BDC\Projects\SASZombieAssaultTD\Engine\Systems\UI\Widgets\UIButton.cs","False","False","False","False"
"UIPanel.cs","E:\BDC\Projects\SASZombieAssaultTD\Engine\Systems\UI\Widgets\UIPanel.cs","False","False","False","False"
"UIText.cs","E:\BDC\Projects\SASZombieAssaultTD\Engine\Systems\UI\Widgets\UIText.cs","False","False","False","False"
"UIWidgetBase.cs","E:\BDC\Projects\SASZombieAssaultTD\Engine\Systems\UI\Widgets\UIWidgetBase.cs","False","False","False","False"
"WorldStateSystem.cs","E:\BDC\Projects\SASZombieAssaultTD\Engine\Systems\World\WorldStateSystem.cs","False","False","False","False"
"AppendixScripts.cs","E:\BDC\Projects\SASZombieAssaultTD\Engine\Tools\AppendixScripts.cs","False","False","False","False"
"AutomationEnhancements.cs","E:\BDC\Projects\SASZombieAssaultTD\Engine\Tools\AutomationEnhancements.cs","False","False","False","False"
"CleanupScripts.cs","E:\BDC\Projects\SASZombieAssaultTD\Engine\Tools\CleanupScripts.cs","False","False","False","False"
"StructureGenerator.cs","E:\BDC\Projects\SASZombieAssaultTD\Engine\Tools\StructureGenerator.cs","False","False","False","False"
"Label.cs","E:\BDC\Projects\SASZombieAssaultTD\Engine\UI\Label.cs","False","False","False","False"
"Panel.cs","E:\BDC\Projects\SASZombieAssaultTD\Engine\UI\Panel.cs","False","True","False","False"
"UIElement.cs","E:\BDC\Projects\SASZombieAssaultTD\Engine\UI\UIElement.cs","False","True","False","False"
"UIManager.cs","E:\BDC\Projects\SASZombieAssaultTD\Engine\UI\UIManager.cs","False","True","False","False"
"Logger.cs","E:\BDC\Projects\SASZombieAssaultTD\Engine\Utility\Logger.cs","False","False","False","False"
"MathHelper.cs","E:\BDC\Projects\SASZombieAssaultTD\Engine\Utility\MathHelper.cs","False","False","False","False"
"Randomizer.cs","E:\BDC\Projects\SASZombieAssaultTD\Engine\Utility\Randomizer.cs","False","False","False","False"
"Time.cs","E:\BDC\Projects\SASZombieAssaultTD\Engine\Utility\Time.cs","False","False","False","False"
"Window.cs","E:\BDC\Projects\SASZombieAssaultTD\Engine\Window\Window.cs","False","False","False","False"
".NETCoreApp,Version=v10.0.AssemblyAttributes.cs","E:\BDC\Projects\SASZombieAssaultTD\obj\Debug\net10.0-windows\.NETCoreApp,Version=v10.0.AssemblyAttributes.cs","False","True","False","False"
"AnimationStateMachineValidationReport.cs","E:\BDC\Projects\SASZombieAssaultTD\Tools\AnimationStateMachineValidationReport.cs","False","True","False","False"
"AnimationSystemTest.cs","E:\BDC\Projects\SASZombieAssaultTD\Tools\AnimationSystemTest.cs","False","False","False","False"
"AnimationVerificationSuite.cs","E:\BDC\Projects\SASZombieAssaultTD\Tools\AnimationVerificationSuite.cs","False","True","False","False"
"AnimationEventValidationReport.cs","E:\BDC\Projects\SASZombieAssaultTD\Tools\Animation\AnimationEventValidationReport.cs","False","False","False","False"
"BlendTreeValidationReport.cs","E:\BDC\Projects\SASZombieAssaultTD\Tools\Animation\BlendTreeValidationReport.cs","False","False","False","False"
