"Date","Category","Description"
","Documentation","ReadMe.md Changes —"
","Module Creation","ReadMeSource.txt Created —"
","Documentation","ReadMe.md Updated —"
","Core Development","EngineCore.ps1 —"
","Core Development","EngineCore.ps1 —"
","Core Development","EngineCore.ps1 —"
","Core Development","EngineCore.ps1 —"
","Script Automation","BootStrap.ps1 —"
","Cleanup","MonoGame Cleanup —"
","Cleanup","MonoGame Cleanup —"
","Cleanup","MonoGame Cleanup —"
","Cleanup","MonoGame Cleanup —"
","Cleanup","MonoGame Cleanup —"
","Cleanup","MonoGame Cleanup —"
","Documentation","ProjectStructure.md Updated —"
","Core Development","EngineCore.ps1 Injected (Chunk 1) —"
","Core Development","EngineCore.ps1 Injected (Chunk 2) —"
","Core Development","EngineCore.ps1 Injected (Final Chunk) —"
","Documentation","README.md Phase 1 Injected —"
","Documentation","README.md Phase 1 (Corrected) Injected —"
","Documentation","README.md Phase 2 Injected —"
","Documentation","README.md Phase 2 (Book-Style) Injected —"
","Documentation","README.md Phase 2 Smart Update —"
","Other","Phase 1 Overwrite —"
","Other","Phase 2 Update —"
","Other","Phase 3 Update —"
","Other","Phase 4 Update —"
","Other","Phase 5 Update —"
","Other","Phase 6 Update —"
","Other","Phase 7 Update —"
","Documentation","TOC Update —"
","Documentation","Appendix Insert —"
","Script Automation","— One-time rebuild of Tasklist.md with ground-up construction flow, Interior Design Layer, and Debug Mode Visual Inspection Workflow executed by Pack-Mule."
","Script Automation","— One-time rebuild of Tasklist.md with Review Status Zone executed by Pack-Mule."
","Review Process","Marked 'Game Loop' as reviewed in Tasklist.md"
"1/20/2026 2:30:07 PM","Review Process","— Game loop was checked by automation."
"1/20/2026 2:30:42 PM","Review Process","— Game Loop was checked by automation."
"1/20/2026 2:32:07 PM","Review Process","— Game Loop was checked by automation."
"1/20/2026 2:52:22 PM","Module Creation","Created TimingController.cs and updated ProjectStructure.md and README.md."
"1/20/2026 2:54:23 PM","Module Creation","Created TimingController.cs and updated ProjectStructure.md and README.md."
"1/20/2026 4:12:33 PM","Review Process","Marked 'Game State Manager' as reviewed."
"1/20/2026 4:12:33 PM","Module Creation","Created RenderQueue.cs and updated ProjectStructure.md and README.md."
"1/20/2026 4:27:02 PM","Module Creation","Created TimingController.cs and updated ProjectStructure.md and README.md."
"1/20/2026 4:35:54 PM","Review Process","Marked 'Render Queue' as reviewed."
"1/20/2026 4:35:54 PM","Module Creation","Created InputRouter.cs and updated ProjectStructure.md and README.md."
","Module Creation","Created InputRouter.cs and updated ProjectStructure.md and README.md."
","Module Creation","Created InputRouter.cs and updated ProjectStructure.md and README.md."
","Module Creation","Created InputRouter.cs and updated ProjectStructure.md and README.md."
","Module Creation","Created InputRouter.cs and updated ProjectStructure.md and README.md."
","Module Creation","Created InputRouter.cs and updated ProjectStructure.md and README.md."
","Module Creation","Created InputRouter.cs and updated ProjectStructure.md and README.md."
","Module Creation","Created InputRouter.cs and updated ProjectStructure.md and README.md."
","Module Creation","Created InputRouter.cs and updated ProjectStructure.md and README.md."
","Module Creation","Created InputRouter.cs and updated ProjectStructure.md and README.md."
","Module Creation","Created InputRouter.cs and updated ProjectStructure.md and README.md."
","Module Creation","Created InputRouter.cs and updated ProjectStructure.md and README.md."
","Module Creation","Created InputRouter.cs and updated ProjectStructure.md and README.md."
","Script Automation","[INFO] ScriptGenerator: Starting PowerShell script generator"
","Script Automation","[INFO] ScriptGenerator: Generating script: New-Script (Generator)"
","Script Automation","[INFO] ScriptGenerator: Loaded 3 script templates"
","Script Automation","[INFO] ScriptGenerator: Starting script generation process"
","Script Automation","[DEBUG] ScriptGenerator: Getting template for script type: Generator"
","Script Automation","[DEBUG] ScriptGenerator: Processing template with placeholders"
","Script Automation","[DEBUG] ScriptGenerator: Saving generated script to file"
","Script Automation","[SUCCESS] ScriptGenerator: Generated script: E:\BDC\Projects\SASZombieAssaultTD\Automation\Modules\New-Script.ps1"
","Script Automation","[DEBUG] ScriptGenerator: Updating project documentation"
","Documentation","[INFO] ScriptGenerator: Updated ProjectStructure.md with new script"
","Script Automation","[DEBUG] ScriptGenerator: Tasklist.md found, but auto-update not implemented yet"
